Name,Count
Michael,75
TK,51
James,47
David,46
William,42
Robert,39
John,38
Christopher,35
Daniel,35
Joseph,34
Richard,32
Joshua,27
Jose,27
Jason,24
Charles,23
Matthew,22
Anthony,20
Mark,19
Kenneth,19
Jeffrey,18
Brandon,16
Andrew,16
Eric,15
Kevin,14
Steven,14
Thomas,13
Timothy,13
Jeremy,13
Nicholas,13
Jonathan,12
Donald,11
Ryan,11
Paul,11
Juan,11
Patrick,10
Raymond,10
Miguel,10
Justin,10
Scott,10
Dennis,10
Rodney,10
Brian,9
Carlos,9
Douglas,9
Travis,9
Derek,9
Stephen,9
Jesus,8
Phillip,8
Ronald,8
Antonio,8
Mario,8
Peter,8
Gary,8
Edward,8
Shawn,8
Keith,8
Jorge,8
Dylan,7
Bobby,7
Larry,7
Francis,7
Jamie,7
Joel,7
Alexander,7
Randy,7
Benjamin,7
Luis,7
Sergio,7
Kyle,7
Jacob,7
Aaron,7
Hector,7
Nathan,6
Earl,6
Terry,6
Alan,6
Jesse,6
Austin,6
Francisco,6
Adam,6
Bruce,6
Todd,6
Gregory,6
Roger,6
Angel,6
George,6
Cody,6
Sean,6
Joe,5
Alejandro,5
Henry,5
Pedro,5
Ernesto,5
Philip,5
Jimmy,5
Ruben,5
Jerome,5
Tyler,5
Roy,5
Isaiah,5
Gilbert,5
Samuel,5
Omar,5
Jeff,5
Christian,5
Cameron,5
Victor,5
Steve,5
Tyrone,5
Adrian,5
Fred,5
Martin,5
Cesar,4
Oscar,4
Frank,4
Corey,4
Terrence,4
Devin,4
Eduardo,4
Abraham,4
Manuel,4
Darius,4
Albert,4
Curtis,4
Chad,4
Bryan,4
Randall,4
Arthur,4
Herbert,4
Cedric,4
Billy,4
Barry,4
Jordan,4
Rafael,4
Marcus,4
Michelle,4
Frederick,4
Brent,4
Marvin,4
Walter,4
Lawrence,4
Eugene,4
Bradley,4
Ronnie,4
Luke,4
Don,4
Dominic,4
Eddie,4
Vincent,4
Fernando,4
Reginald,3
Lee,3
Pablo,3
Bernard,3
Darren,3
Robin,3
Nathaniel,3
Troy,3
Desmond,3
Ian,3
Tim,3
Marco,3
Melissa,3
Zachary,3
Salvador,3
Willie,3
Gerardo,3
Alton,3
Ricky,3
Jerry,3
Tommy,3
Donte,3
Andre,3
Leslie,3
Dana,3
Neil,3
Johnny,3
Demetrius,3
Stanley,3
Allen,3
Angelo,3
Carl,3
Raul,3
Mohammad,3
Ramon,3
Jimmie,3
Tristan,3
Javier,3
Roberto,3
Lonnie,3
Lionel,3
India,3
Shane,3
Norman,3
Jessie,3
Dustin,3
Caleb,3
Clarence,3
Jack,3
Danny,2
Damien,2
Ricardo,2
Daquan,2
Josh,2
Micah,2
Spencer,2
Noel,2
Tony,2
Terrell,2
Tyre,2
Markell,2
Cornelius,2
Thaddeus,2
Jay,2
Morgan,2
Nephi,2
Darrel,2
Josue,2
Santos,2
Elias,2
Jessica,2
Terence,2
Marion,2
Theodore,2
Dean,2
Freddy,2
Lucas,2
Clayton,2
Jerrod,2
Guadalupe,2
Darrell,2
Wayne,2
Kisha,2
Moises,2
Ivan,2
Armando,2
Simon,2
Dion,2
Jean,2
Russell,2
Erick,2
Alfred,2
Chance,2
Dante,2
Tina,2
Dexter,2
Darrin,2
Dale,2
Ethan,2
Glenn,2
Devon,2
Israel,2
Alex,2
Darryl,2
Wesley,2
Jeremiah,2
Arturo,2
Mohamed,2
Chris,2
Tiffany,2
Jermaine,2
Shaun,2
Shelly,2
Johnathan,2
Kris,2
Garland,2
Ed,2
Joey,2
Jon,2
Sam,2
Ismael,2
Marc,2
Colby,2
Gavin,2
Edgar,2
Florencio,2
Taylor,2
Samson,2
Calvin,2
Gustavo,2
Blake,2
Gino,2
Herman,2
Kim,2
Casey,2
Blaine,2
Edwin,2
Lance,2
Ralph,2
Shannon,2
Greg,2
Clifford,2
Clifton,2
Avery,2
Jonathon,2
Kaleb,2
Damon,2
Efrain,2
Erik,2
Nicolas,2
Marcos,2
Vinson,2
Gerald,2
Melvin,2
Ron,2
Jackie,2
Dewayne,2
Lorenzo,2
Jamison,2
Leroy,2
Gene,2
Isaac,2
Jamal,2
Jacqueline,2
Pierre,2
Cyrus,1
Talbot,1
Rita,1
Kesharn,1
Krikor,1
Lavall,1
Justine,1
Erickson,1
Alexis,1
Derrick,1
Dave,1
Elton,1
Alice,1
Felix,1
Codey,1
Justus,1
Tyrel,1
Abel,1
Jeremias,1
Fidel,1
Dontrell,1
Delvin,1
Willis,1
Seth,1
Map,1
Denzel,1
Somer,1
Daezion,1
Tyrell,1
Epthen,1
Jerrald,1
Koltlee,1
Kionte,1
Dedrick,1
Quinton,1
Raufeal,1
Chet,1
Kayden,1
Shirley,1
Yuvette,1
Brentant,1
Talif,1
Jaffort,1
Trevon,1
Jocques,1
Arties,1
Zelalem,1
Kajuan,1
Maxwell,1
Tian,1
Tuan,1
Kent,1
Shamir,1
Rudy,1
Sylville,1
Selwyn,1
Kelley,1
Lavar,1
Janisha,1
Gevork,1
Noah,1
Gabriel,1
Javario,1
Buford,1
Santino,1
Fednel,1
Asshams,1
Alteria,1
Sheilah,1
Bradford,1
Cleotha,1
Saddam,1
Emmanuel,1
La'vante,1
Bertrand,1
Pekelo,1
Deveonte,1
Chassady,1
Donta,1
Osvaldo,1
Jaison,1
Evin,1
Lane,1
Quintonio,1
Crystal,1
Cin,1
Eleuterio,1
Demouria,1
Johannes,1
Devan,1
Sidney,1
Hashim,1
Marcellus,1
Denise,1
Susan,1
Trenton,1
Rocco,1
Marquis,1
Dequan,1
Vincente,1
Usaamah,1
Limichael,1
Bryant,1
Mitchell,1
Ronell,1
Drey,1
Deaunte,1
Alexia,1
Lue,1
Hung,1
Yonas,1
Christy,1
Salvadro,1
Randolph,1
Brendon,1
Lamontez,1
Zhonghua,1
Jacquarius,1
Deven,1
Donnell,1
Farhad,1
Janet,1
Floyd,1
Sinuon,1
Amado,1
Bodhi,1
Chase,1
Tashfeen,1
Ebin,1
Jared,1
Crayton,1
Andy,1
Ambroshia,1
Reno,1
Deviere,1
Elvin,1
Donny,1
Thong,1
Jai,1
Derry,1
Javoris,1
Siolosega,1
Mack,1
Dionisio,1
Isaias,1
Rodrigo,1
Evan,1
QuanDavier,1
Deravis,1
Hafez,1
Kimber,1
Mansur,1
Loren,1
Hubert,1
Marshall,1
Nengmy,1
Waltki,1
,1
Perry,1
Dalvin,1
Monique,1
Matt,1
Jermonte,1
Dakota,1
J.,1
Ramone,1
Darick,1
Erica,1
Betty,1
Terrance,1
Trepierre,1
Mickey,1
Chrislon,1
Tsombe,1
Angela,1
Cristiaan,1
Jim,1
Sylasone,1
Mikel,1
Tevin,1
Nana,1
Ashley,1
Alexio,1
Landon,1
Rashaun,1
Ricco,1
Harrison,1
Redrick,1
Nadir,1
Efren,1
Dwayne,1
Earnest,1
Jabril,1
Jaime,1
Alvin,1
Kobvey,1
Maurico,1
Tien,1
German,1
Damarius,1
Yohans,1
Dorsey,1
Lucien,1
Byron,1
Josiah,1
Stoney,1
Nikki,1
Vicente,1
Che,1
Timmy,1
Linda,1
Cordale,1
Trevor,1
Arteair,1
Deaundre,1
Quanice,1
Ken,1
Kenney,1
Ashtian,1
Jacquelyn,1
Naway,1
Oswald,1
Daryl,1
Dominick,1
Isreal,1
Rammy,1
Rory,1
Deresha,1
Kamal,1
Deriante,1
Isidro,1
Ciara,1
Kavonda,1
Toby,1
Quentin,1
Daven,1
Jaqwan,1
Abdul,1
Deltra,1
Demarcus,1
Deng,1
Killian,1
"Robert,1
Rudolph,1
Adriene,1
JR,1
Bender,1
Emmett,1
Alva,1
Mharloun,1
Mauro,1
Chazsten,1
Levonia,1
Dalton,1
Rene,1
Vernell,1
Faisal,1
Rolly,1
Sariah,1
Alfontish,1
Jayson,1
Izzy,1
Malik,1
Artago,1
Zane,1
Caso,1
Chan,1
Ali,1
Harry,1
Lewis,1
Lyle,1
Aries,1
Marquintan,1
Dahir,1
Sherman,1
Louis,1
Ramiro,1
Ray,1
Brenda,1
Salvado,1
Darrius,1
Redel,1
Pryor,1
Amanda,1
Shaquian,1
A'Donte,1
Anthonie,1
Giovonn,1
Autumn,1
Megan,1
Darin,1
Jeffry,1
Chaz,1
Gayneaux,1
Alfonso,1
Keelan,1
Cassandra,1
Chacarion,1
Sadiq,1
Amos,1
Jacai,1
Shaquille,1
Kristiana,1
Lucille,1
Darnell,1
Boyd,1
Isiah,1
BJ,1
Vasilios,1
Jawari,1
Thongsoune,1
Osee,1
Teodoro,1
Judy,1
Akiel,1
Levi,1
Tamala,1
Javon,1
Jorevis,1
Antronie,1
Dimitri,1
Derick,1
Chazz,1
Bryon,1
Medger,1
Enoch,1
Lamont,1
Marquesha,1
Orlando,1
Germichael,1
Casimero,1
Millard,1
Raynard,1
Scot,1
Saige,1
Devonte,1
Hagen,1
Julian,1
Rouven,1
Westley,1
Joaquin,1
Jonie,1
Kadeem,1
Raymone,1
Dayten,1
Edrian,1
Edmund,1
Rico,1
Jacy,1
Kenny,1
Mya,1
Rick,1
Jovany,1
"John,1
Bettie,1
Aurelio,1
Phyllis,1
Dyzhawn,1
Sahlah,1
Terrozza,1
Bennie,1
Moses,1
Jamar,1
"Bruce,1
Davion,1
Brock,1
Franklin,1
Bryson,1
Kendell,1
Kristofer,1
Kirk,1
Misael,1
Oleg,1
Edson,1
Clay,1
Kelvin,1
Sergey,1
Nehemiah,1
Tyrie,1
Scottie,1
Carlumandarlo,1
"Eugene,1
Kareem,1
Martice,1
Corsean,1
Kelsey,1
Isabelle,1
Rasheem,1
Schuylar,1
Wendy,1
Jun,1
Calin,1
Rashad,1
Trayvon,1
Hugo,1
Antwun,1
Matautu,1
Alec,1
Paula,1
Ledarius,1
"Dracy,1
Marcelo,1
Mi'Chance,1
Keshawn,1
Keegan,1
Lester,1
Jerauld,1
Hayden,1
Howard,1
Carroll,1
Johnnie,1
Jermon,1
Kay,1
Khari,1
Garry,1
Malcolm,1
DeMarco,1
Iaroslav,1
Preston,1
Donovan,1
Doyle,1
Andres,1
Declan,1
Thongsavanh,1
Ferguson,1
Colten,1
Roman,1
D'Angelo,1
Omarr,1
Nancy,1
Najier,1
Walden,1
Alonzo,1
Darien,1
Burgon,1
Val,1
Lafayette,1
Rip,1
Gordon,1
Warren,1
Norma,1
Charly,1
Yahir,1
Bartolo,1
Genevive,1
Phosowath,1
Thad,1
Verl,1
Willard,1
Deanne,1
Patricia,1
Tyson,1
Rakeem,1
Sammy,1
Amy,1
Luverne,1
Alfredo,1
Renee,1
Quintec,1
Germonta,1
Diahlo,1
Tk,1
Jake,1
Laura,1
Amber,1
Jeroen,1
Omer,1
Freddie,1
Kenton,1
Rodolfo,1
Alberto,1
Kendre,1
"Manford,1
Deric,1
Kalyp,1
Sunny,1
Darrion,1
Michele,1
Jasen,1
Gerber,1
Marese,1
Refugio,1
Kole,1
Kimani,1
Lyndarius,1
Sherrisa,1
Fritz,1
Magnum,1
Benito,1
Quencezola,1
Wade,1
Brayant,1
Leeland,1
Dazion,1
Sandy,1
Oddis,1
Philando,1
Keo,1
Rainer,1
Irecas,1
"Ralph,1
Virgil,1
Leonel,1
Cedrick,1
Jamarion,1
Sully,1
Jeffory,1
Jamil,1
Kawanza,1
Kawme,1
Garrett,1
Chelsea,1
Dominique,1
Tiano,1
Junior,1
Amilcar,1
Jeffery,1
Elijah,1
Wendell,1
Feras,1
Clemente,1
Kaylene,1
Korryn,1
Jeray,1
Storm,1
Alijah,1
Roark,1
Yia,1
Gerry,1
Edixon,1
Karen,1
Colton,1
Grover,1
Syed,1
Carnell,1
Ton,1
"Edwin,1
Cary,1
Dontae,1
Jamalis,1
Harvey,1
Fridoon,1
Emil,1
Dejuan,1
Quron,1
Lamar,1
Christie,1
Rogelio,1
Cayce,1
Dallas,1
Destry,1
Donaven,1
Welby,1
Roderick,1
Miriam,1
Rolando,1
Wilton,1
Doll,1
Saif,1
Tremaine,1
Charlin,1
Mirza,1
"Elena,1
Loreal,1
Thurman,1
Jess,1
Brett,1
Stephanie,1
Helmut,1
Charleena,1
Ivory,1
Burt,1
Baltazar,1
Orville,1
Rex,1
Nick,1
Waldemar,1
Fletcher,1
Shalamar,1
Jakob,1
Olugbalah,1
E.J.,1
Gerardino,1
Laronda,1
Margaret,1
Demarco,1
Enrique,1
Armond,1
Ashton,1
Marlon,1
Robbie,1
Carter,1
Deborah,1
Sawyer,1
Cristian,1
Tavis,1
Quincy,1
Cole,1
Carlton,1
Kentrill,1
Demaris,1
Kendar,1
Jasper,1
Robb,1
Chancey,1
Adalid,1
Zaki,1
Kadhar,1
Jahlire,1
Kerry,1
Naeschylus,1
Jamake,1
Edelmiro,1
Kheyanev,1
Christine,1

